<Anims>
 <anim name="idle" root="wuxing_jitan" numframes="1000" framerate="40">
  <frame idx="0" w="183" h="240" x="0.000427" y="-51.039032">
   <element name="wuxing_jitan" layername="wuxing_jitan" frame="0" z_index="1" m_a="1.000000" m_b="0.000000" m_c="0.000000" m_d="1.000000" m_tx="0.000425" m_ty="31.960958"/>
  </frame>
  <frame idx="25" w="183" h="240" x="0.000427" y="-51.039032">
   <element name="wuxing_jitan" layername="wuxing_jitan" frame="0" z_index="1" m_a="1.000000" m_b="0.000000" m_c="0.000000" m_d="1.000000" m_tx="0.000425" m_ty="31.960958"/>
  </frame>
  <frame idx="50" w="183" h="240" x="0.000427" y="-51.039032">
   <element name="wuxing_jitan" layername="wuxing_jitan" frame="0" z_index="1" m_a="1.000000" m_b="0.000000" m_c="0.000000" m_d="1.000000" m_tx="0.000425" m_ty="31.960958"/>
  </frame>
  <frame idx="75" w="183" h="240" x="0.000427" y="-51.039032">
   <element name="wuxing_jitan" layername="wuxing_jitan" frame="0" z_index="1" m_a="1.000000" m_b="0.000000" m_c="0.000000" m_d="1.000000" m_tx="0.000425" m_ty="31.960958"/>
  </frame>
  <frame idx="100" w="183" h="240" x="0.000427" y="-51.039032">
   <element name="wuxing_jitan" layername="wuxing_jitan" frame="0" z_index="1" m_a="1.000000" m_b="0.000000" m_c="0.000000" m_d="1.000000" m_tx="0.000425" m_ty="31.960958"/>
  </frame>
  <frame idx="125" w="183" h="240" x="0.000427" y="-51.039032">
   <element name="wuxing_jitan" layername="wuxing_jitan" frame="0" z_index="1" m_a="1.000000" m_b="0.000000" m_c="0.000000" m_d="1.000000" m_tx="0.000425" m_ty="31.960958"/>
  </frame>
  <frame idx="150" w="183" h="240" x="0.000427" y="-51.039032">
   <element name="wuxing_jitan" layername="wuxing_jitan" frame="0" z_index="1" m_a="1.000000" m_b="0.000000" m_c="0.000000" m_d="1.000000" m_tx="0.000425" m_ty="31.960958"/>
  </frame>
  <frame idx="175" w="183" h="240" x="0.000427" y="-51.039032">
   <element name="wuxing_jitan" layername="wuxing_jitan" frame="0" z_index="1" m_a="1.000000" m_b="0.000000" m_c="0.000000" m_d="1.000000" m_tx="0.000425" m_ty="31.960958"/>
  </frame>
  <frame idx="200" w="183" h="240" x="0.000427" y="-51.039032">
   <element name="wuxing_jitan" layername="wuxing_jitan" frame="0" z_index="1" m_a="1.000000" m_b="0.000000" m_c="0.000000" m_d="1.000000" m_tx="0.000425" m_ty="31.960958"/>
  </frame>
  <frame idx="225" w="183" h="240" x="0.000427" y="-51.039032">
   <element name="wuxing_jitan" layername="wuxing_jitan" frame="0" z_index="1" m_a="1.000000" m_b="0.000000" m_c="0.000000" m_d="1.000000" m_tx="0.000425" m_ty="31.960958"/>
  </frame>
  <frame idx="250" w="183" h="240" x="0.000427" y="-51.039032">
   <element name="wuxing_jitan" layername="wuxing_jitan" frame="0" z_index="1" m_a="1.000000" m_b="0.000000" m_c="0.000000" m_d="1.000000" m_tx="0.000425" m_ty="31.960958"/>
  </frame>
  <frame idx="275" w="183" h="240" x="0.000427" y="-51.039032">
   <element name="wuxing_jitan" layername="wuxing_jitan" frame="0" z_index="1" m_a="1.000000" m_b="0.000000" m_c="0.000000" m_d="1.000000" m_tx="0.000425" m_ty="31.960958"/>
  </frame>
  <frame idx="300" w="183" h="240" x="0.000427" y="-51.039032">
   <element name="wuxing_jitan" layername="wuxing_jitan" frame="0" z_index="1" m_a="1.000000" m_b="0.000000" m_c="0.000000" m_d="1.000000" m_tx="0.000425" m_ty="31.960958"/>
  </frame>
  <frame idx="325" w="183" h="240" x="0.000427" y="-51.039032">
   <element name="wuxing_jitan" layername="wuxing_jitan" frame="0" z_index="1" m_a="1.000000" m_b="0.000000" m_c="0.000000" m_d="1.000000" m_tx="0.000425" m_ty="31.960958"/>
  </frame>
  <frame idx="350" w="183" h="240" x="0.000427" y="-51.039032">
   <element name="wuxing_jitan" layername="wuxing_jitan" frame="0" z_index="1" m_a="1.000000" m_b="0.000000" m_c="0.000000" m_d="1.000000" m_tx="0.000425" m_ty="31.960958"/>
  </frame>
  <frame idx="375" w="183" h="240" x="0.000427" y="-51.039032">
   <element name="wuxing_jitan" layername="wuxing_jitan" frame="0" z_index="1" m_a="1.000000" m_b="0.000000" m_c="0.000000" m_d="1.000000" m_tx="0.000425" m_ty="31.960958"/>
  </frame>
  <frame idx="400" w="183" h="240" x="0.000427" y="-51.039032">
   <element name="wuxing_jitan" layername="wuxing_jitan" frame="0" z_index="1" m_a="1.000000" m_b="0.000000" m_c="0.000000" m_d="1.000000" m_tx="0.000425" m_ty="31.960958"/>
  </frame>
  <frame idx="425" w="183" h="240" x="0.000427" y="-51.039032">
   <element name="wuxing_jitan" layername="wuxing_jitan" frame="0" z_index="1" m_a="1.000000" m_b="0.000000" m_c="0.000000" m_d="1.000000" m_tx="0.000425" m_ty="31.960958"/>
  </frame>
  <frame idx="450" w="183" h="240" x="0.000427" y="-51.039032">
   <element name="wuxing_jitan" layername="wuxing_jitan" frame="0" z_index="1" m_a="1.000000" m_b="0.000000" m_c="0.000000" m_d="1.000000" m_tx="0.000425" m_ty="31.960958"/>
  </frame>
  <frame idx="475" w="183" h="240" x="0.000427" y="-51.039032">
   <element name="wuxing_jitan" layername="wuxing_jitan" frame="0" z_index="1" m_a="1.000000" m_b="0.000000" m_c="0.000000" m_d="1.000000" m_tx="0.000425" m_ty="31.960958"/>
  </frame>
  <frame idx="500" w="183" h="240" x="0.000427" y="-51.039032">
   <element name="wuxing_jitan" layername="wuxing_jitan" frame="0" z_index="1" m_a="1.000000" m_b="0.000000" m_c="0.000000" m_d="1.000000" m_tx="0.000425" m_ty="31.960958"/>
  </frame>
  <frame idx="525" w="183" h="240" x="0.000427" y="-51.039032">
   <element name="wuxing_jitan" layername="wuxing_jitan" frame="0" z_index="1" m_a="1.000000" m_b="0.000000" m_c="0.000000" m_d="1.000000" m_tx="0.000425" m_ty="31.960958"/>
  </frame>
  <frame idx="550" w="183" h="240" x="0.000427" y="-51.039032">
   <element name="wuxing_jitan" layername="wuxing_jitan" frame="0" z_index="1" m_a="1.000000" m_b="0.000000" m_c="0.000000" m_d="1.000000" m_tx="0.000425" m_ty="31.960958"/>
  </frame>
  <frame idx="575" w="183" h="240" x="0.000427" y="-51.039032">
   <element name="wuxing_jitan" layername="wuxing_jitan" frame="0" z_index="1" m_a="1.000000" m_b="0.000000" m_c="0.000000" m_d="1.000000" m_tx="0.000425" m_ty="31.960958"/>
  </frame>
  <frame idx="600" w="183" h="240" x="0.000427" y="-51.039032">
   <element name="wuxing_jitan" layername="wuxing_jitan" frame="0" z_index="1" m_a="1.000000" m_b="0.000000" m_c="0.000000" m_d="1.000000" m_tx="0.000425" m_ty="31.960958"/>
  </frame>
  <frame idx="625" w="183" h="240" x="0.000427" y="-51.039032">
   <element name="wuxing_jitan" layername="wuxing_jitan" frame="0" z_index="1" m_a="1.000000" m_b="0.000000" m_c="0.000000" m_d="1.000000" m_tx="0.000425" m_ty="31.960958"/>
  </frame>
  <frame idx="650" w="183" h="240" x="0.000427" y="-51.039032">
   <element name="wuxing_jitan" layername="wuxing_jitan" frame="0" z_index="1" m_a="1.000000" m_b="0.000000" m_c="0.000000" m_d="1.000000" m_tx="0.000425" m_ty="31.960958"/>
  </frame>
  <frame idx="675" w="183" h="240" x="0.000427" y="-51.039032">
   <element name="wuxing_jitan" layername="wuxing_jitan" frame="0" z_index="1" m_a="1.000000" m_b="0.000000" m_c="0.000000" m_d="1.000000" m_tx="0.000425" m_ty="31.960958"/>
  </frame>
  <frame idx="700" w="183" h="240" x="0.000427" y="-51.039032">
   <element name="wuxing_jitan" layername="wuxing_jitan" frame="0" z_index="1" m_a="1.000000" m_b="0.000000" m_c="0.000000" m_d="1.000000" m_tx="0.000425" m_ty="31.960958"/>
  </frame>
  <frame idx="725" w="183" h="240" x="0.000427" y="-51.039032">
   <element name="wuxing_jitan" layername="wuxing_jitan" frame="0" z_index="1" m_a="1.000000" m_b="0.000000" m_c="0.000000" m_d="1.000000" m_tx="0.000425" m_ty="31.960958"/>
  </frame>
  <frame idx="750" w="183" h="240" x="0.000427" y="-51.039032">
   <element name="wuxing_jitan" layername="wuxing_jitan" frame="0" z_index="1" m_a="1.000000" m_b="0.000000" m_c="0.000000" m_d="1.000000" m_tx="0.000425" m_ty="31.960958"/>
  </frame>
  <frame idx="775" w="183" h="240" x="0.000427" y="-51.039032">
   <element name="wuxing_jitan" layername="wuxing_jitan" frame="0" z_index="1" m_a="1.000000" m_b="0.000000" m_c="0.000000" m_d="1.000000" m_tx="0.000425" m_ty="31.960958"/>
  </frame>
  <frame idx="800" w="183" h="240" x="0.000427" y="-51.039032">
   <element name="wuxing_jitan" layername="wuxing_jitan" frame="0" z_index="1" m_a="1.000000" m_b="0.000000" m_c="0.000000" m_d="1.000000" m_tx="0.000425" m_ty="31.960958"/>
  </frame>
  <frame idx="825" w="183" h="240" x="0.000427" y="-51.039032">
   <element name="wuxing_jitan" layername="wuxing_jitan" frame="0" z_index="1" m_a="1.000000" m_b="0.000000" m_c="0.000000" m_d="1.000000" m_tx="0.000425" m_ty="31.960958"/>
  </frame>
  <frame idx="850" w="183" h="240" x="0.000427" y="-51.039032">
   <element name="wuxing_jitan" layername="wuxing_jitan" frame="0" z_index="1" m_a="1.000000" m_b="0.000000" m_c="0.000000" m_d="1.000000" m_tx="0.000425" m_ty="31.960958"/>
  </frame>
  <frame idx="875" w="183" h="240" x="0.000427" y="-51.039032">
   <element name="wuxing_jitan" layername="wuxing_jitan" frame="0" z_index="1" m_a="1.000000" m_b="0.000000" m_c="0.000000" m_d="1.000000" m_tx="0.000425" m_ty="31.960958"/>
  </frame>
  <frame idx="900" w="183" h="240" x="0.000427" y="-51.039032">
   <element name="wuxing_jitan" layername="wuxing_jitan" frame="0" z_index="1" m_a="1.000000" m_b="0.000000" m_c="0.000000" m_d="1.000000" m_tx="0.000425" m_ty="31.960958"/>
  </frame>
  <frame idx="925" w="183" h="240" x="0.000427" y="-51.039032">
   <element name="wuxing_jitan" layername="wuxing_jitan" frame="0" z_index="1" m_a="1.000000" m_b="0.000000" m_c="0.000000" m_d="1.000000" m_tx="0.000425" m_ty="31.960958"/>
  </frame>
  <frame idx="950" w="183" h="240" x="0.000427" y="-51.039032">
   <element name="wuxing_jitan" layername="wuxing_jitan" frame="0" z_index="1" m_a="1.000000" m_b="0.000000" m_c="0.000000" m_d="1.000000" m_tx="0.000425" m_ty="31.960958"/>
  </frame>
  <frame idx="975" w="183" h="240" x="0.000427" y="-51.039032">
   <element name="wuxing_jitan" layername="wuxing_jitan" frame="0" z_index="1" m_a="1.000000" m_b="0.000000" m_c="0.000000" m_d="1.000000" m_tx="0.000425" m_ty="31.960958"/>
  </frame>
 </anim>
</Anims>
