<Anims>
 <anim name="idle" root="lingzhu_jin" numframes="1000" framerate="40">
  <frame idx="0" w="71" h="71" x="0.000000" y="0.000000">
   <element name="lingzhus" layername="lingzhu_jin" frame="0" z_index="5" m_a="1.000000" m_b="0.000000" m_c="0.000000" m_d="1.000000" m_tx="0.000000" m_ty="0.000000"/>
  </frame>
  <frame idx="25" w="76" h="90" x="4.611931" y="-7.399876">
   <element name="lingzhus" layername="lingzhu_jin" frame="0" z_index="5" m_a="0.987688" m_b="-0.156434" m_c="0.156434" m_d="0.987688" m_tx="0.000000" m_ty="-2.000000"/>
  </frame>
  <frame idx="50" w="81" h="107" x="8.322353" y="-15.454735">
   <element name="lingzhus" layername="lingzhu_jin" frame="0" z_index="5" m_a="0.951057" m_b="-0.309017" m_c="0.309017" m_d="0.951057" m_tx="0.000000" m_ty="-4.000000"/>
  </frame>
  <frame idx="75" w="84" h="123" x="11.039906" y="-24.015491">
   <element name="lingzhus" layername="lingzhu_jin" frame="0" z_index="5" m_a="0.891006" m_b="-0.453991" m_c="0.453991" m_d="0.891006" m_tx="0.000000" m_ty="-6.000000"/>
  </frame>
  <frame idx="100" w="85" h="136" x="12.697670" y="-32.920586">
   <element name="lingzhus" layername="lingzhu_jin" frame="0" z_index="5" m_a="0.809017" m_b="-0.587785" m_c="0.587785" m_d="0.809017" m_tx="0.000000" m_ty="-8.000000"/>
  </frame>
  <frame idx="125" w="86" h="147" x="13.254833" y="-42.000000">
   <element name="lingzhus" layername="lingzhu_jin" frame="0" z_index="5" m_a="0.707107" m_b="-0.707107" m_c="0.707107" m_d="0.707107" m_tx="0.000000" m_ty="-10.000000"/>
  </frame>
  <frame idx="150" w="85" h="156" x="12.697670" y="-51.079422">
   <element name="lingzhus" layername="lingzhu_jin" frame="0" z_index="5" m_a="0.587785" m_b="-0.809017" m_c="0.809017" m_d="0.587785" m_tx="0.000000" m_ty="-12.000000"/>
  </frame>
  <frame idx="175" w="84" h="162" x="11.039906" y="-59.984516">
   <element name="lingzhus" layername="lingzhu_jin" frame="0" z_index="5" m_a="0.453990" m_b="-0.891007" m_c="0.891007" m_d="0.453990" m_tx="0.000000" m_ty="-14.000000"/>
  </frame>
  <frame idx="200" w="81" h="165" x="8.322353" y="-68.545265">
   <element name="lingzhus" layername="lingzhu_jin" frame="0" z_index="5" m_a="0.309017" m_b="-0.951057" m_c="0.951057" m_d="0.309017" m_tx="0.000000" m_ty="-16.000000"/>
  </frame>
  <frame idx="225" w="76" h="165" x="4.611931" y="-76.600121">
   <element name="lingzhus" layername="lingzhu_jin" frame="0" z_index="5" m_a="0.156434" m_b="-0.987688" m_c="0.987688" m_d="0.156434" m_tx="0.000000" m_ty="-18.000000"/>
  </frame>
  <frame idx="250" w="71" h="163" x="-0.000004" y="-84.000000">
   <element name="lingzhus" layername="lingzhu_jin" frame="0" z_index="5" m_a="-0.000000" m_b="-1.000000" m_c="1.000000" m_d="-0.000000" m_tx="0.000000" m_ty="-20.000000"/>
  </frame>
  <frame idx="275" w="87" h="176" x="-5.399872" y="-86.611923">
   <element name="lingzhus" layername="lingzhu_jin" frame="0" z_index="5" m_a="-0.156434" m_b="-0.987688" m_c="0.987688" m_d="-0.156434" m_tx="0.000000" m_ty="-18.000000"/>
  </frame>
  <frame idx="300" w="103" h="186" x="-11.454739" y="-88.322350">
   <element name="lingzhus" layername="lingzhu_jin" frame="0" z_index="5" m_a="-0.309017" m_b="-0.951056" m_c="0.951056" m_d="-0.309017" m_tx="0.000000" m_ty="-16.000000"/>
  </frame>
  <frame idx="325" w="116" h="194" x="-18.015491" y="-89.039909">
   <element name="lingzhus" layername="lingzhu_jin" frame="0" z_index="5" m_a="-0.453991" m_b="-0.891006" m_c="0.891006" m_d="-0.453991" m_tx="0.000000" m_ty="-14.000000"/>
  </frame>
  <frame idx="350" w="127" h="197" x="-24.920593" y="-88.697678">
   <element name="lingzhus" layername="lingzhu_jin" frame="0" z_index="5" m_a="-0.587785" m_b="-0.809017" m_c="0.809017" m_d="-0.587785" m_tx="0.000000" m_ty="-12.000000"/>
  </frame>
  <frame idx="375" w="136" h="196" x="-32.000000" y="-87.254837">
   <element name="lingzhus" layername="lingzhu_jin" frame="0" z_index="5" m_a="-0.707107" m_b="-0.707107" m_c="0.707107" m_d="-0.707107" m_tx="0.000000" m_ty="-10.000000"/>
  </frame>
  <frame idx="400" w="142" h="193" x="-39.079422" y="-84.697678">
   <element name="lingzhus" layername="lingzhu_jin" frame="0" z_index="5" m_a="-0.809017" m_b="-0.587785" m_c="0.587785" m_d="-0.809017" m_tx="0.000000" m_ty="-8.000000"/>
  </frame>
  <frame idx="425" w="147" h="185" x="-45.984520" y="-81.039902">
   <element name="lingzhus" layername="lingzhu_jin" frame="0" z_index="5" m_a="-0.891007" m_b="-0.453990" m_c="0.453990" m_d="-0.891007" m_tx="0.000000" m_ty="-6.000000"/>
  </frame>
  <frame idx="450" w="148" h="173" x="-52.545261" y="-76.322357">
   <element name="lingzhus" layername="lingzhu_jin" frame="0" z_index="5" m_a="-0.951056" m_b="-0.309017" m_c="0.309017" m_d="-0.951056" m_tx="0.000000" m_ty="-4.000000"/>
  </frame>
  <frame idx="475" w="146" h="159" x="-58.600124" y="-70.611931">
   <element name="lingzhus" layername="lingzhu_jin" frame="0" z_index="5" m_a="-0.987688" m_b="-0.156434" m_c="0.156434" m_d="-0.987688" m_tx="0.000000" m_ty="-2.000000"/>
  </frame>
  <frame idx="500" w="141" h="141" x="-64.000000" y="-63.999996">
   <element name="lingzhus" layername="lingzhu_jin" frame="0" z_index="5" m_a="-1.000000" m_b="0.000000" m_c="-0.000000" m_d="-1.000000" m_tx="0.000000" m_ty="0.000000"/>
  </frame>
  <frame idx="525" w="157" h="148" x="-68.611938" y="-60.600121">
   <element name="lingzhus" layername="lingzhu_jin" frame="0" z_index="5" m_a="-0.987688" m_b="0.156435" m_c="-0.156435" m_d="-0.987688" m_tx="0.000000" m_ty="-2.000000"/>
  </frame>
  <frame idx="550" w="169" h="152" x="-72.322350" y="-56.545265">
   <element name="lingzhus" layername="lingzhu_jin" frame="0" z_index="5" m_a="-0.951057" m_b="0.309017" m_c="-0.309017" m_d="-0.951057" m_tx="0.000000" m_ty="-4.000000"/>
  </frame>
  <frame idx="575" w="179" h="153" x="-75.039902" y="-51.984509">
   <element name="lingzhus" layername="lingzhu_jin" frame="0" z_index="5" m_a="-0.891007" m_b="0.453991" m_c="-0.453991" m_d="-0.891007" m_tx="0.000000" m_ty="-6.000000"/>
  </frame>
  <frame idx="600" w="184" h="151" x="-76.697678" y="-47.079411">
   <element name="lingzhus" layername="lingzhu_jin" frame="0" z_index="5" m_a="-0.809017" m_b="0.587785" m_c="-0.587785" m_d="-0.809017" m_tx="0.000000" m_ty="-8.000000"/>
  </frame>
  <frame idx="625" w="185" h="147" x="-77.254837" y="-42.000004">
   <element name="lingzhus" layername="lingzhu_jin" frame="0" z_index="5" m_a="-0.707107" m_b="0.707107" m_c="-0.707107" m_d="-0.707107" m_tx="0.000000" m_ty="-10.000000"/>
  </frame>
  <frame idx="650" w="184" h="140" x="-76.697670" y="-36.920570">
   <element name="lingzhus" layername="lingzhu_jin" frame="0" z_index="5" m_a="-0.587785" m_b="0.809017" m_c="-0.809017" m_d="-0.587785" m_tx="0.000000" m_ty="-12.000000"/>
  </frame>
  <frame idx="675" w="179" h="131" x="-75.039902" y="-32.015472">
   <element name="lingzhus" layername="lingzhu_jin" frame="0" z_index="5" m_a="-0.453990" m_b="0.891007" m_c="-0.891007" m_d="-0.453990" m_tx="0.000000" m_ty="-14.000000"/>
  </frame>
  <frame idx="700" w="169" h="120" x="-72.322342" y="-27.454723">
   <element name="lingzhus" layername="lingzhu_jin" frame="0" z_index="5" m_a="-0.309017" m_b="0.951057" m_c="-0.951057" m_d="-0.309017" m_tx="0.000000" m_ty="-16.000000"/>
  </frame>
  <frame idx="725" w="157" h="107" x="-68.611931" y="-23.399879">
   <element name="lingzhus" layername="lingzhu_jin" frame="0" z_index="5" m_a="-0.156435" m_b="0.987688" m_c="-0.987688" m_d="-0.156435" m_tx="0.000000" m_ty="-18.000000"/>
  </frame>
  <frame idx="750" w="141" h="93" x="-64.000000" y="-20.000000">
   <element name="lingzhus" layername="lingzhu_jin" frame="0" z_index="5" m_a="0.000000" m_b="1.000000" m_c="-1.000000" m_d="0.000000" m_tx="0.000000" m_ty="-20.000000"/>
  </frame>
  <frame idx="775" w="146" h="96" x="-58.600121" y="-13.388069">
   <element name="lingzhus" layername="lingzhu_jin" frame="0" z_index="5" m_a="0.156435" m_b="0.987688" m_c="-0.987688" m_d="0.156435" m_tx="0.000000" m_ty="-18.000000"/>
  </frame>
  <frame idx="800" w="148" h="98" x="-52.545258" y="-7.677643">
   <element name="lingzhus" layername="lingzhu_jin" frame="0" z_index="5" m_a="0.309017" m_b="0.951056" m_c="-0.951056" m_d="0.309017" m_tx="0.000000" m_ty="-16.000000"/>
  </frame>
  <frame idx="825" w="147" h="99" x="-45.984505" y="-2.960094">
   <element name="lingzhus" layername="lingzhu_jin" frame="0" z_index="5" m_a="0.453991" m_b="0.891006" m_c="-0.891006" m_d="0.453991" m_tx="0.000000" m_ty="-14.000000"/>
  </frame>
  <frame idx="850" w="142" h="98" x="-39.079403" y="0.697674">
   <element name="lingzhus" layername="lingzhu_jin" frame="0" z_index="5" m_a="0.587785" m_b="0.809017" m_c="-0.809017" m_d="0.587785" m_tx="0.000000" m_ty="-12.000000"/>
  </frame>
  <frame idx="875" w="136" h="97" x="-32.000008" y="3.254833">
   <element name="lingzhus" layername="lingzhu_jin" frame="0" z_index="5" m_a="0.707107" m_b="0.707107" m_c="-0.707107" m_d="0.707107" m_tx="0.000000" m_ty="-10.000000"/>
  </frame>
  <frame idx="900" w="127" h="94" x="-24.920586" y="4.697670">
   <element name="lingzhus" layername="lingzhu_jin" frame="0" z_index="5" m_a="0.809017" m_b="0.587785" m_c="-0.587785" m_d="0.809017" m_tx="0.000000" m_ty="-8.000000"/>
  </frame>
  <frame idx="925" w="116" h="91" x="-18.015488" y="5.039906">
   <element name="lingzhus" layername="lingzhu_jin" frame="0" z_index="5" m_a="0.891007" m_b="0.453991" m_c="-0.453991" m_d="0.891007" m_tx="0.000000" m_ty="-6.000000"/>
  </frame>
  <frame idx="950" w="103" h="85" x="-11.454735" y="4.322350">
   <element name="lingzhus" layername="lingzhu_jin" frame="0" z_index="5" m_a="0.951057" m_b="0.309017" m_c="-0.309017" m_d="0.951057" m_tx="0.000000" m_ty="-4.000000"/>
  </frame>
  <frame idx="975" w="87" h="79" x="-5.399853" y="2.611916">
   <element name="lingzhus" layername="lingzhu_jin" frame="0" z_index="5" m_a="0.987688" m_b="0.156434" m_c="-0.156434" m_d="0.987688" m_tx="0.000000" m_ty="-2.000000"/>
  </frame>
 </anim>
 <anim name="idle" root="lingzhu_mu" numframes="1000" framerate="40">
  <frame idx="0" w="71" h="71" x="0.000000" y="0.000000">
   <element name="lingzhus" layername="lingzhu_jin" frame="1" z_index="5" m_a="1.000000" m_b="0.000000" m_c="0.000000" m_d="1.000000" m_tx="0.000000" m_ty="0.000000"/>
  </frame>
  <frame idx="25" w="76" h="90" x="4.611931" y="-7.399876">
   <element name="lingzhus" layername="lingzhu_jin" frame="1" z_index="5" m_a="0.987688" m_b="-0.156434" m_c="0.156434" m_d="0.987688" m_tx="0.000000" m_ty="-2.000000"/>
  </frame>
  <frame idx="50" w="81" h="107" x="8.322353" y="-15.454735">
   <element name="lingzhus" layername="lingzhu_jin" frame="1" z_index="5" m_a="0.951057" m_b="-0.309017" m_c="0.309017" m_d="0.951057" m_tx="0.000000" m_ty="-4.000000"/>
  </frame>
  <frame idx="75" w="84" h="123" x="11.039906" y="-24.015491">
   <element name="lingzhus" layername="lingzhu_jin" frame="1" z_index="5" m_a="0.891006" m_b="-0.453991" m_c="0.453991" m_d="0.891006" m_tx="0.000000" m_ty="-6.000000"/>
  </frame>
  <frame idx="100" w="85" h="136" x="12.697670" y="-32.920586">
   <element name="lingzhus" layername="lingzhu_jin" frame="1" z_index="5" m_a="0.809017" m_b="-0.587785" m_c="0.587785" m_d="0.809017" m_tx="0.000000" m_ty="-8.000000"/>
  </frame>
  <frame idx="125" w="86" h="147" x="13.254833" y="-42.000000">
   <element name="lingzhus" layername="lingzhu_jin" frame="1" z_index="5" m_a="0.707107" m_b="-0.707107" m_c="0.707107" m_d="0.707107" m_tx="0.000000" m_ty="-10.000000"/>
  </frame>
  <frame idx="150" w="85" h="156" x="12.697670" y="-51.079422">
   <element name="lingzhus" layername="lingzhu_jin" frame="1" z_index="5" m_a="0.587785" m_b="-0.809017" m_c="0.809017" m_d="0.587785" m_tx="0.000000" m_ty="-12.000000"/>
  </frame>
  <frame idx="175" w="84" h="162" x="11.039906" y="-59.984516">
   <element name="lingzhus" layername="lingzhu_jin" frame="1" z_index="5" m_a="0.453990" m_b="-0.891007" m_c="0.891007" m_d="0.453990" m_tx="0.000000" m_ty="-14.000000"/>
  </frame>
  <frame idx="200" w="81" h="165" x="8.322353" y="-68.545265">
   <element name="lingzhus" layername="lingzhu_jin" frame="1" z_index="5" m_a="0.309017" m_b="-0.951057" m_c="0.951057" m_d="0.309017" m_tx="0.000000" m_ty="-16.000000"/>
  </frame>
  <frame idx="225" w="76" h="165" x="4.611931" y="-76.600121">
   <element name="lingzhus" layername="lingzhu_jin" frame="1" z_index="5" m_a="0.156434" m_b="-0.987688" m_c="0.987688" m_d="0.156434" m_tx="0.000000" m_ty="-18.000000"/>
  </frame>
  <frame idx="250" w="71" h="163" x="-0.000004" y="-84.000000">
   <element name="lingzhus" layername="lingzhu_jin" frame="1" z_index="5" m_a="-0.000000" m_b="-1.000000" m_c="1.000000" m_d="-0.000000" m_tx="0.000000" m_ty="-20.000000"/>
  </frame>
  <frame idx="275" w="87" h="176" x="-5.399872" y="-86.611923">
   <element name="lingzhus" layername="lingzhu_jin" frame="1" z_index="5" m_a="-0.156434" m_b="-0.987688" m_c="0.987688" m_d="-0.156434" m_tx="0.000000" m_ty="-18.000000"/>
  </frame>
  <frame idx="300" w="103" h="186" x="-11.454739" y="-88.322350">
   <element name="lingzhus" layername="lingzhu_jin" frame="1" z_index="5" m_a="-0.309017" m_b="-0.951056" m_c="0.951056" m_d="-0.309017" m_tx="0.000000" m_ty="-16.000000"/>
  </frame>
  <frame idx="325" w="116" h="194" x="-18.015491" y="-89.039909">
   <element name="lingzhus" layername="lingzhu_jin" frame="1" z_index="5" m_a="-0.453991" m_b="-0.891006" m_c="0.891006" m_d="-0.453991" m_tx="0.000000" m_ty="-14.000000"/>
  </frame>
  <frame idx="350" w="127" h="197" x="-24.920593" y="-88.697678">
   <element name="lingzhus" layername="lingzhu_jin" frame="1" z_index="5" m_a="-0.587785" m_b="-0.809017" m_c="0.809017" m_d="-0.587785" m_tx="0.000000" m_ty="-12.000000"/>
  </frame>
  <frame idx="375" w="136" h="196" x="-32.000000" y="-87.254837">
   <element name="lingzhus" layername="lingzhu_jin" frame="1" z_index="5" m_a="-0.707107" m_b="-0.707107" m_c="0.707107" m_d="-0.707107" m_tx="0.000000" m_ty="-10.000000"/>
  </frame>
  <frame idx="400" w="142" h="193" x="-39.079422" y="-84.697678">
   <element name="lingzhus" layername="lingzhu_jin" frame="1" z_index="5" m_a="-0.809017" m_b="-0.587785" m_c="0.587785" m_d="-0.809017" m_tx="0.000000" m_ty="-8.000000"/>
  </frame>
  <frame idx="425" w="147" h="185" x="-45.984520" y="-81.039902">
   <element name="lingzhus" layername="lingzhu_jin" frame="1" z_index="5" m_a="-0.891007" m_b="-0.453990" m_c="0.453990" m_d="-0.891007" m_tx="0.000000" m_ty="-6.000000"/>
  </frame>
  <frame idx="450" w="148" h="173" x="-52.545261" y="-76.322357">
   <element name="lingzhus" layername="lingzhu_jin" frame="1" z_index="5" m_a="-0.951056" m_b="-0.309017" m_c="0.309017" m_d="-0.951056" m_tx="0.000000" m_ty="-4.000000"/>
  </frame>
  <frame idx="475" w="146" h="159" x="-58.600124" y="-70.611931">
   <element name="lingzhus" layername="lingzhu_jin" frame="1" z_index="5" m_a="-0.987688" m_b="-0.156434" m_c="0.156434" m_d="-0.987688" m_tx="0.000000" m_ty="-2.000000"/>
  </frame>
  <frame idx="500" w="141" h="141" x="-64.000000" y="-63.999996">
   <element name="lingzhus" layername="lingzhu_jin" frame="1" z_index="5" m_a="-1.000000" m_b="0.000000" m_c="-0.000000" m_d="-1.000000" m_tx="0.000000" m_ty="0.000000"/>
  </frame>
  <frame idx="525" w="157" h="148" x="-68.611938" y="-60.600121">
   <element name="lingzhus" layername="lingzhu_jin" frame="1" z_index="5" m_a="-0.987688" m_b="0.156435" m_c="-0.156435" m_d="-0.987688" m_tx="0.000000" m_ty="-2.000000"/>
  </frame>
  <frame idx="550" w="169" h="152" x="-72.322350" y="-56.545265">
   <element name="lingzhus" layername="lingzhu_jin" frame="1" z_index="5" m_a="-0.951057" m_b="0.309017" m_c="-0.309017" m_d="-0.951057" m_tx="0.000000" m_ty="-4.000000"/>
  </frame>
  <frame idx="575" w="179" h="153" x="-75.039902" y="-51.984509">
   <element name="lingzhus" layername="lingzhu_jin" frame="1" z_index="5" m_a="-0.891007" m_b="0.453991" m_c="-0.453991" m_d="-0.891007" m_tx="0.000000" m_ty="-6.000000"/>
  </frame>
  <frame idx="600" w="184" h="151" x="-76.697678" y="-47.079411">
   <element name="lingzhus" layername="lingzhu_jin" frame="1" z_index="5" m_a="-0.809017" m_b="0.587785" m_c="-0.587785" m_d="-0.809017" m_tx="0.000000" m_ty="-8.000000"/>
  </frame>
  <frame idx="625" w="185" h="147" x="-77.254837" y="-42.000004">
   <element name="lingzhus" layername="lingzhu_jin" frame="1" z_index="5" m_a="-0.707107" m_b="0.707107" m_c="-0.707107" m_d="-0.707107" m_tx="0.000000" m_ty="-10.000000"/>
  </frame>
  <frame idx="650" w="184" h="140" x="-76.697670" y="-36.920570">
   <element name="lingzhus" layername="lingzhu_jin" frame="1" z_index="5" m_a="-0.587785" m_b="0.809017" m_c="-0.809017" m_d="-0.587785" m_tx="0.000000" m_ty="-12.000000"/>
  </frame>
  <frame idx="675" w="179" h="131" x="-75.039902" y="-32.015472">
   <element name="lingzhus" layername="lingzhu_jin" frame="1" z_index="5" m_a="-0.453990" m_b="0.891007" m_c="-0.891007" m_d="-0.453990" m_tx="0.000000" m_ty="-14.000000"/>
  </frame>
  <frame idx="700" w="169" h="120" x="-72.322342" y="-27.454723">
   <element name="lingzhus" layername="lingzhu_jin" frame="1" z_index="5" m_a="-0.309017" m_b="0.951057" m_c="-0.951057" m_d="-0.309017" m_tx="0.000000" m_ty="-16.000000"/>
  </frame>
  <frame idx="725" w="157" h="107" x="-68.611931" y="-23.399879">
   <element name="lingzhus" layername="lingzhu_jin" frame="1" z_index="5" m_a="-0.156435" m_b="0.987688" m_c="-0.987688" m_d="-0.156435" m_tx="0.000000" m_ty="-18.000000"/>
  </frame>
  <frame idx="750" w="141" h="93" x="-64.000000" y="-20.000000">
   <element name="lingzhus" layername="lingzhu_jin" frame="1" z_index="5" m_a="0.000000" m_b="1.000000" m_c="-1.000000" m_d="0.000000" m_tx="0.000000" m_ty="-20.000000"/>
  </frame>
  <frame idx="775" w="146" h="96" x="-58.600121" y="-13.388069">
   <element name="lingzhus" layername="lingzhu_jin" frame="1" z_index="5" m_a="0.156435" m_b="0.987688" m_c="-0.987688" m_d="0.156435" m_tx="0.000000" m_ty="-18.000000"/>
  </frame>
  <frame idx="800" w="148" h="98" x="-52.545258" y="-7.677643">
   <element name="lingzhus" layername="lingzhu_jin" frame="1" z_index="5" m_a="0.309017" m_b="0.951056" m_c="-0.951056" m_d="0.309017" m_tx="0.000000" m_ty="-16.000000"/>
  </frame>
  <frame idx="825" w="147" h="99" x="-45.984505" y="-2.960094">
   <element name="lingzhus" layername="lingzhu_jin" frame="1" z_index="5" m_a="0.453991" m_b="0.891006" m_c="-0.891006" m_d="0.453991" m_tx="0.000000" m_ty="-14.000000"/>
  </frame>
  <frame idx="850" w="142" h="98" x="-39.079403" y="0.697674">
   <element name="lingzhus" layername="lingzhu_jin" frame="1" z_index="5" m_a="0.587785" m_b="0.809017" m_c="-0.809017" m_d="0.587785" m_tx="0.000000" m_ty="-12.000000"/>
  </frame>
  <frame idx="875" w="136" h="97" x="-32.000008" y="3.254833">
   <element name="lingzhus" layername="lingzhu_jin" frame="1" z_index="5" m_a="0.707107" m_b="0.707107" m_c="-0.707107" m_d="0.707107" m_tx="0.000000" m_ty="-10.000000"/>
  </frame>
  <frame idx="900" w="127" h="94" x="-24.920586" y="4.697670">
   <element name="lingzhus" layername="lingzhu_jin" frame="1" z_index="5" m_a="0.809017" m_b="0.587785" m_c="-0.587785" m_d="0.809017" m_tx="0.000000" m_ty="-8.000000"/>
  </frame>
  <frame idx="925" w="116" h="91" x="-18.015488" y="5.039906">
   <element name="lingzhus" layername="lingzhu_jin" frame="1" z_index="5" m_a="0.891007" m_b="0.453991" m_c="-0.453991" m_d="0.891007" m_tx="0.000000" m_ty="-6.000000"/>
  </frame>
  <frame idx="950" w="103" h="85" x="-11.454735" y="4.322350">
   <element name="lingzhus" layername="lingzhu_jin" frame="1" z_index="5" m_a="0.951057" m_b="0.309017" m_c="-0.309017" m_d="0.951057" m_tx="0.000000" m_ty="-4.000000"/>
  </frame>
  <frame idx="975" w="87" h="79" x="-5.399853" y="2.611916">
   <element name="lingzhus" layername="lingzhu_jin" frame="1" z_index="5" m_a="0.987688" m_b="0.156434" m_c="-0.156434" m_d="0.987688" m_tx="0.000000" m_ty="-2.000000"/>
  </frame>
 </anim>
 <anim name="idle" root="lingzhu_shui" numframes="1000" framerate="40">
  <frame idx="0" w="71" h="71" x="0.000000" y="0.000000">
   <element name="lingzhus" layername="lingzhu_shui" frame="2" z_index="5" m_a="1.000000" m_b="0.000000" m_c="0.000000" m_d="1.000000" m_tx="0.000000" m_ty="0.000000"/>
  </frame>
  <frame idx="25" w="76" h="90" x="4.611931" y="-7.399876">
   <element name="lingzhus" layername="lingzhu_shui" frame="2" z_index="5" m_a="0.987688" m_b="-0.156434" m_c="0.156434" m_d="0.987688" m_tx="0.000000" m_ty="-2.000000"/>
  </frame>
  <frame idx="50" w="81" h="107" x="8.322353" y="-15.454735">
   <element name="lingzhus" layername="lingzhu_shui" frame="2" z_index="5" m_a="0.951057" m_b="-0.309017" m_c="0.309017" m_d="0.951057" m_tx="0.000000" m_ty="-4.000000"/>
  </frame>
  <frame idx="75" w="84" h="123" x="11.039906" y="-24.015491">
   <element name="lingzhus" layername="lingzhu_shui" frame="2" z_index="5" m_a="0.891006" m_b="-0.453991" m_c="0.453991" m_d="0.891006" m_tx="0.000000" m_ty="-6.000000"/>
  </frame>
  <frame idx="100" w="85" h="136" x="12.697670" y="-32.920586">
   <element name="lingzhus" layername="lingzhu_shui" frame="2" z_index="5" m_a="0.809017" m_b="-0.587785" m_c="0.587785" m_d="0.809017" m_tx="0.000000" m_ty="-8.000000"/>
  </frame>
  <frame idx="125" w="86" h="147" x="13.254833" y="-42.000000">
   <element name="lingzhus" layername="lingzhu_shui" frame="2" z_index="5" m_a="0.707107" m_b="-0.707107" m_c="0.707107" m_d="0.707107" m_tx="0.000000" m_ty="-10.000000"/>
  </frame>
  <frame idx="150" w="85" h="156" x="12.697670" y="-51.079422">
   <element name="lingzhus" layername="lingzhu_shui" frame="2" z_index="5" m_a="0.587785" m_b="-0.809017" m_c="0.809017" m_d="0.587785" m_tx="0.000000" m_ty="-12.000000"/>
  </frame>
  <frame idx="175" w="84" h="162" x="11.039906" y="-59.984516">
   <element name="lingzhus" layername="lingzhu_shui" frame="2" z_index="5" m_a="0.453990" m_b="-0.891007" m_c="0.891007" m_d="0.453990" m_tx="0.000000" m_ty="-14.000000"/>
  </frame>
  <frame idx="200" w="81" h="165" x="8.322353" y="-68.545265">
   <element name="lingzhus" layername="lingzhu_shui" frame="2" z_index="5" m_a="0.309017" m_b="-0.951057" m_c="0.951057" m_d="0.309017" m_tx="0.000000" m_ty="-16.000000"/>
  </frame>
  <frame idx="225" w="76" h="165" x="4.611931" y="-76.600121">
   <element name="lingzhus" layername="lingzhu_shui" frame="2" z_index="5" m_a="0.156434" m_b="-0.987688" m_c="0.987688" m_d="0.156434" m_tx="0.000000" m_ty="-18.000000"/>
  </frame>
  <frame idx="250" w="71" h="163" x="-0.000004" y="-84.000000">
   <element name="lingzhus" layername="lingzhu_shui" frame="2" z_index="5" m_a="-0.000000" m_b="-1.000000" m_c="1.000000" m_d="-0.000000" m_tx="0.000000" m_ty="-20.000000"/>
  </frame>
  <frame idx="275" w="87" h="176" x="-5.399872" y="-86.611923">
   <element name="lingzhus" layername="lingzhu_shui" frame="2" z_index="5" m_a="-0.156434" m_b="-0.987688" m_c="0.987688" m_d="-0.156434" m_tx="0.000000" m_ty="-18.000000"/>
  </frame>
  <frame idx="300" w="103" h="186" x="-11.454739" y="-88.322350">
   <element name="lingzhus" layername="lingzhu_shui" frame="2" z_index="5" m_a="-0.309017" m_b="-0.951056" m_c="0.951056" m_d="-0.309017" m_tx="0.000000" m_ty="-16.000000"/>
  </frame>
  <frame idx="325" w="116" h="194" x="-18.015491" y="-89.039909">
   <element name="lingzhus" layername="lingzhu_shui" frame="2" z_index="5" m_a="-0.453991" m_b="-0.891006" m_c="0.891006" m_d="-0.453991" m_tx="0.000000" m_ty="-14.000000"/>
  </frame>
  <frame idx="350" w="127" h="197" x="-24.920593" y="-88.697678">
   <element name="lingzhus" layername="lingzhu_shui" frame="2" z_index="5" m_a="-0.587785" m_b="-0.809017" m_c="0.809017" m_d="-0.587785" m_tx="0.000000" m_ty="-12.000000"/>
  </frame>
  <frame idx="375" w="136" h="196" x="-32.000000" y="-87.254837">
   <element name="lingzhus" layername="lingzhu_shui" frame="2" z_index="5" m_a="-0.707107" m_b="-0.707107" m_c="0.707107" m_d="-0.707107" m_tx="0.000000" m_ty="-10.000000"/>
  </frame>
  <frame idx="400" w="142" h="193" x="-39.079422" y="-84.697678">
   <element name="lingzhus" layername="lingzhu_shui" frame="2" z_index="5" m_a="-0.809017" m_b="-0.587785" m_c="0.587785" m_d="-0.809017" m_tx="0.000000" m_ty="-8.000000"/>
  </frame>
  <frame idx="425" w="147" h="185" x="-45.984520" y="-81.039902">
   <element name="lingzhus" layername="lingzhu_shui" frame="2" z_index="5" m_a="-0.891007" m_b="-0.453990" m_c="0.453990" m_d="-0.891007" m_tx="0.000000" m_ty="-6.000000"/>
  </frame>
  <frame idx="450" w="148" h="173" x="-52.545261" y="-76.322357">
   <element name="lingzhus" layername="lingzhu_shui" frame="2" z_index="5" m_a="-0.951056" m_b="-0.309017" m_c="0.309017" m_d="-0.951056" m_tx="0.000000" m_ty="-4.000000"/>
  </frame>
  <frame idx="475" w="146" h="159" x="-58.600124" y="-70.611931">
   <element name="lingzhus" layername="lingzhu_shui" frame="2" z_index="5" m_a="-0.987688" m_b="-0.156434" m_c="0.156434" m_d="-0.987688" m_tx="0.000000" m_ty="-2.000000"/>
  </frame>
  <frame idx="500" w="141" h="141" x="-64.000000" y="-63.999996">
   <element name="lingzhus" layername="lingzhu_shui" frame="2" z_index="5" m_a="-1.000000" m_b="0.000000" m_c="-0.000000" m_d="-1.000000" m_tx="0.000000" m_ty="0.000000"/>
  </frame>
  <frame idx="525" w="157" h="148" x="-68.611938" y="-60.600121">
   <element name="lingzhus" layername="lingzhu_shui" frame="2" z_index="5" m_a="-0.987688" m_b="0.156435" m_c="-0.156435" m_d="-0.987688" m_tx="0.000000" m_ty="-2.000000"/>
  </frame>
  <frame idx="550" w="169" h="152" x="-72.322350" y="-56.545265">
   <element name="lingzhus" layername="lingzhu_shui" frame="2" z_index="5" m_a="-0.951057" m_b="0.309017" m_c="-0.309017" m_d="-0.951057" m_tx="0.000000" m_ty="-4.000000"/>
  </frame>
  <frame idx="575" w="179" h="153" x="-75.039902" y="-51.984509">
   <element name="lingzhus" layername="lingzhu_shui" frame="2" z_index="5" m_a="-0.891007" m_b="0.453991" m_c="-0.453991" m_d="-0.891007" m_tx="0.000000" m_ty="-6.000000"/>
  </frame>
  <frame idx="600" w="184" h="151" x="-76.697678" y="-47.079411">
   <element name="lingzhus" layername="lingzhu_shui" frame="2" z_index="5" m_a="-0.809017" m_b="0.587785" m_c="-0.587785" m_d="-0.809017" m_tx="0.000000" m_ty="-8.000000"/>
  </frame>
  <frame idx="625" w="185" h="147" x="-77.254837" y="-42.000004">
   <element name="lingzhus" layername="lingzhu_shui" frame="2" z_index="5" m_a="-0.707107" m_b="0.707107" m_c="-0.707107" m_d="-0.707107" m_tx="0.000000" m_ty="-10.000000"/>
  </frame>
  <frame idx="650" w="184" h="140" x="-76.697670" y="-36.920570">
   <element name="lingzhus" layername="lingzhu_shui" frame="2" z_index="5" m_a="-0.587785" m_b="0.809017" m_c="-0.809017" m_d="-0.587785" m_tx="0.000000" m_ty="-12.000000"/>
  </frame>
  <frame idx="675" w="179" h="131" x="-75.039902" y="-32.015472">
   <element name="lingzhus" layername="lingzhu_shui" frame="2" z_index="5" m_a="-0.453990" m_b="0.891007" m_c="-0.891007" m_d="-0.453990" m_tx="0.000000" m_ty="-14.000000"/>
  </frame>
  <frame idx="700" w="169" h="120" x="-72.322342" y="-27.454723">
   <element name="lingzhus" layername="lingzhu_shui" frame="2" z_index="5" m_a="-0.309017" m_b="0.951057" m_c="-0.951057" m_d="-0.309017" m_tx="0.000000" m_ty="-16.000000"/>
  </frame>
  <frame idx="725" w="157" h="107" x="-68.611931" y="-23.399879">
   <element name="lingzhus" layername="lingzhu_shui" frame="2" z_index="5" m_a="-0.156435" m_b="0.987688" m_c="-0.987688" m_d="-0.156435" m_tx="0.000000" m_ty="-18.000000"/>
  </frame>
  <frame idx="750" w="141" h="93" x="-64.000000" y="-20.000000">
   <element name="lingzhus" layername="lingzhu_shui" frame="2" z_index="5" m_a="0.000000" m_b="1.000000" m_c="-1.000000" m_d="0.000000" m_tx="0.000000" m_ty="-20.000000"/>
  </frame>
  <frame idx="775" w="146" h="96" x="-58.600121" y="-13.388069">
   <element name="lingzhus" layername="lingzhu_shui" frame="2" z_index="5" m_a="0.156435" m_b="0.987688" m_c="-0.987688" m_d="0.156435" m_tx="0.000000" m_ty="-18.000000"/>
  </frame>
  <frame idx="800" w="148" h="98" x="-52.545258" y="-7.677643">
   <element name="lingzhus" layername="lingzhu_shui" frame="2" z_index="5" m_a="0.309017" m_b="0.951056" m_c="-0.951056" m_d="0.309017" m_tx="0.000000" m_ty="-16.000000"/>
  </frame>
  <frame idx="825" w="147" h="99" x="-45.984505" y="-2.960094">
   <element name="lingzhus" layername="lingzhu_shui" frame="2" z_index="5" m_a="0.453991" m_b="0.891006" m_c="-0.891006" m_d="0.453991" m_tx="0.000000" m_ty="-14.000000"/>
  </frame>
  <frame idx="850" w="142" h="98" x="-39.079403" y="0.697674">
   <element name="lingzhus" layername="lingzhu_shui" frame="2" z_index="5" m_a="0.587785" m_b="0.809017" m_c="-0.809017" m_d="0.587785" m_tx="0.000000" m_ty="-12.000000"/>
  </frame>
  <frame idx="875" w="136" h="97" x="-32.000008" y="3.254833">
   <element name="lingzhus" layername="lingzhu_shui" frame="2" z_index="5" m_a="0.707107" m_b="0.707107" m_c="-0.707107" m_d="0.707107" m_tx="0.000000" m_ty="-10.000000"/>
  </frame>
  <frame idx="900" w="127" h="94" x="-24.920586" y="4.697670">
   <element name="lingzhus" layername="lingzhu_shui" frame="2" z_index="5" m_a="0.809017" m_b="0.587785" m_c="-0.587785" m_d="0.809017" m_tx="0.000000" m_ty="-8.000000"/>
  </frame>
  <frame idx="925" w="116" h="91" x="-18.015488" y="5.039906">
   <element name="lingzhus" layername="lingzhu_shui" frame="2" z_index="5" m_a="0.891007" m_b="0.453991" m_c="-0.453991" m_d="0.891007" m_tx="0.000000" m_ty="-6.000000"/>
  </frame>
  <frame idx="950" w="103" h="85" x="-11.454735" y="4.322350">
   <element name="lingzhus" layername="lingzhu_shui" frame="2" z_index="5" m_a="0.951057" m_b="0.309017" m_c="-0.309017" m_d="0.951057" m_tx="0.000000" m_ty="-4.000000"/>
  </frame>
  <frame idx="975" w="87" h="79" x="-5.399853" y="2.611916">
   <element name="lingzhus" layername="lingzhu_shui" frame="2" z_index="5" m_a="0.987688" m_b="0.156434" m_c="-0.156434" m_d="0.987688" m_tx="0.000000" m_ty="-2.000000"/>
  </frame>
 </anim>
 <anim name="idle" root="lingzhu_huo" numframes="1000" framerate="40">
  <frame idx="0" w="71" h="71" x="0.000000" y="0.000000">
   <element name="lingzhus" layername="lingzhu_huo" frame="3" z_index="5" m_a="1.000000" m_b="0.000000" m_c="0.000000" m_d="1.000000" m_tx="0.000000" m_ty="0.000000"/>
  </frame>
  <frame idx="25" w="76" h="90" x="4.611931" y="-7.399876">
   <element name="lingzhus" layername="lingzhu_huo" frame="3" z_index="5" m_a="0.987688" m_b="-0.156434" m_c="0.156434" m_d="0.987688" m_tx="0.000000" m_ty="-2.000000"/>
  </frame>
  <frame idx="50" w="81" h="107" x="8.322353" y="-15.454735">
   <element name="lingzhus" layername="lingzhu_huo" frame="3" z_index="5" m_a="0.951057" m_b="-0.309017" m_c="0.309017" m_d="0.951057" m_tx="0.000000" m_ty="-4.000000"/>
  </frame>
  <frame idx="75" w="84" h="123" x="11.039906" y="-24.015491">
   <element name="lingzhus" layername="lingzhu_huo" frame="3" z_index="5" m_a="0.891006" m_b="-0.453991" m_c="0.453991" m_d="0.891006" m_tx="0.000000" m_ty="-6.000000"/>
  </frame>
  <frame idx="100" w="85" h="136" x="12.697670" y="-32.920586">
   <element name="lingzhus" layername="lingzhu_huo" frame="3" z_index="5" m_a="0.809017" m_b="-0.587785" m_c="0.587785" m_d="0.809017" m_tx="0.000000" m_ty="-8.000000"/>
  </frame>
  <frame idx="125" w="86" h="147" x="13.254833" y="-42.000000">
   <element name="lingzhus" layername="lingzhu_huo" frame="3" z_index="5" m_a="0.707107" m_b="-0.707107" m_c="0.707107" m_d="0.707107" m_tx="0.000000" m_ty="-10.000000"/>
  </frame>
  <frame idx="150" w="85" h="156" x="12.697670" y="-51.079422">
   <element name="lingzhus" layername="lingzhu_huo" frame="3" z_index="5" m_a="0.587785" m_b="-0.809017" m_c="0.809017" m_d="0.587785" m_tx="0.000000" m_ty="-12.000000"/>
  </frame>
  <frame idx="175" w="84" h="162" x="11.039906" y="-59.984516">
   <element name="lingzhus" layername="lingzhu_huo" frame="3" z_index="5" m_a="0.453990" m_b="-0.891007" m_c="0.891007" m_d="0.453990" m_tx="0.000000" m_ty="-14.000000"/>
  </frame>
  <frame idx="200" w="81" h="165" x="8.322353" y="-68.545265">
   <element name="lingzhus" layername="lingzhu_huo" frame="3" z_index="5" m_a="0.309017" m_b="-0.951057" m_c="0.951057" m_d="0.309017" m_tx="0.000000" m_ty="-16.000000"/>
  </frame>
  <frame idx="225" w="76" h="165" x="4.611931" y="-76.600121">
   <element name="lingzhus" layername="lingzhu_huo" frame="3" z_index="5" m_a="0.156434" m_b="-0.987688" m_c="0.987688" m_d="0.156434" m_tx="0.000000" m_ty="-18.000000"/>
  </frame>
  <frame idx="250" w="71" h="163" x="-0.000004" y="-84.000000">
   <element name="lingzhus" layername="lingzhu_huo" frame="3" z_index="5" m_a="-0.000000" m_b="-1.000000" m_c="1.000000" m_d="-0.000000" m_tx="0.000000" m_ty="-20.000000"/>
  </frame>
  <frame idx="275" w="87" h="176" x="-5.399872" y="-86.611923">
   <element name="lingzhus" layername="lingzhu_huo" frame="3" z_index="5" m_a="-0.156434" m_b="-0.987688" m_c="0.987688" m_d="-0.156434" m_tx="0.000000" m_ty="-18.000000"/>
  </frame>
  <frame idx="300" w="103" h="186" x="-11.454739" y="-88.322350">
   <element name="lingzhus" layername="lingzhu_huo" frame="3" z_index="5" m_a="-0.309017" m_b="-0.951056" m_c="0.951056" m_d="-0.309017" m_tx="0.000000" m_ty="-16.000000"/>
  </frame>
  <frame idx="325" w="116" h="194" x="-18.015491" y="-89.039909">
   <element name="lingzhus" layername="lingzhu_huo" frame="3" z_index="5" m_a="-0.453991" m_b="-0.891006" m_c="0.891006" m_d="-0.453991" m_tx="0.000000" m_ty="-14.000000"/>
  </frame>
  <frame idx="350" w="127" h="197" x="-24.920593" y="-88.697678">
   <element name="lingzhus" layername="lingzhu_huo" frame="3" z_index="5" m_a="-0.587785" m_b="-0.809017" m_c="0.809017" m_d="-0.587785" m_tx="0.000000" m_ty="-12.000000"/>
  </frame>
  <frame idx="375" w="136" h="196" x="-32.000000" y="-87.254837">
   <element name="lingzhus" layername="lingzhu_huo" frame="3" z_index="5" m_a="-0.707107" m_b="-0.707107" m_c="0.707107" m_d="-0.707107" m_tx="0.000000" m_ty="-10.000000"/>
  </frame>
  <frame idx="400" w="142" h="193" x="-39.079422" y="-84.697678">
   <element name="lingzhus" layername="lingzhu_huo" frame="3" z_index="5" m_a="-0.809017" m_b="-0.587785" m_c="0.587785" m_d="-0.809017" m_tx="0.000000" m_ty="-8.000000"/>
  </frame>
  <frame idx="425" w="147" h="185" x="-45.984520" y="-81.039902">
   <element name="lingzhus" layername="lingzhu_huo" frame="3" z_index="5" m_a="-0.891007" m_b="-0.453990" m_c="0.453990" m_d="-0.891007" m_tx="0.000000" m_ty="-6.000000"/>
  </frame>
  <frame idx="450" w="148" h="173" x="-52.545261" y="-76.322357">
   <element name="lingzhus" layername="lingzhu_huo" frame="3" z_index="5" m_a="-0.951056" m_b="-0.309017" m_c="0.309017" m_d="-0.951056" m_tx="0.000000" m_ty="-4.000000"/>
  </frame>
  <frame idx="475" w="146" h="159" x="-58.600124" y="-70.611931">
   <element name="lingzhus" layername="lingzhu_huo" frame="3" z_index="5" m_a="-0.987688" m_b="-0.156434" m_c="0.156434" m_d="-0.987688" m_tx="0.000000" m_ty="-2.000000"/>
  </frame>
  <frame idx="500" w="141" h="141" x="-64.000000" y="-63.999996">
   <element name="lingzhus" layername="lingzhu_huo" frame="3" z_index="5" m_a="-1.000000" m_b="0.000000" m_c="-0.000000" m_d="-1.000000" m_tx="0.000000" m_ty="0.000000"/>
  </frame>
  <frame idx="525" w="157" h="148" x="-68.611938" y="-60.600121">
   <element name="lingzhus" layername="lingzhu_huo" frame="3" z_index="5" m_a="-0.987688" m_b="0.156435" m_c="-0.156435" m_d="-0.987688" m_tx="0.000000" m_ty="-2.000000"/>
  </frame>
  <frame idx="550" w="169" h="152" x="-72.322350" y="-56.545265">
   <element name="lingzhus" layername="lingzhu_huo" frame="3" z_index="5" m_a="-0.951057" m_b="0.309017" m_c="-0.309017" m_d="-0.951057" m_tx="0.000000" m_ty="-4.000000"/>
  </frame>
  <frame idx="575" w="179" h="153" x="-75.039902" y="-51.984509">
   <element name="lingzhus" layername="lingzhu_huo" frame="3" z_index="5" m_a="-0.891007" m_b="0.453991" m_c="-0.453991" m_d="-0.891007" m_tx="0.000000" m_ty="-6.000000"/>
  </frame>
  <frame idx="600" w="184" h="151" x="-76.697678" y="-47.079411">
   <element name="lingzhus" layername="lingzhu_huo" frame="3" z_index="5" m_a="-0.809017" m_b="0.587785" m_c="-0.587785" m_d="-0.809017" m_tx="0.000000" m_ty="-8.000000"/>
  </frame>
  <frame idx="625" w="185" h="147" x="-77.254837" y="-42.000004">
   <element name="lingzhus" layername="lingzhu_huo" frame="3" z_index="5" m_a="-0.707107" m_b="0.707107" m_c="-0.707107" m_d="-0.707107" m_tx="0.000000" m_ty="-10.000000"/>
  </frame>
  <frame idx="650" w="184" h="140" x="-76.697670" y="-36.920570">
   <element name="lingzhus" layername="lingzhu_huo" frame="3" z_index="5" m_a="-0.587785" m_b="0.809017" m_c="-0.809017" m_d="-0.587785" m_tx="0.000000" m_ty="-12.000000"/>
  </frame>
  <frame idx="675" w="179" h="131" x="-75.039902" y="-32.015472">
   <element name="lingzhus" layername="lingzhu_huo" frame="3" z_index="5" m_a="-0.453990" m_b="0.891007" m_c="-0.891007" m_d="-0.453990" m_tx="0.000000" m_ty="-14.000000"/>
  </frame>
  <frame idx="700" w="169" h="120" x="-72.322342" y="-27.454723">
   <element name="lingzhus" layername="lingzhu_huo" frame="3" z_index="5" m_a="-0.309017" m_b="0.951057" m_c="-0.951057" m_d="-0.309017" m_tx="0.000000" m_ty="-16.000000"/>
  </frame>
  <frame idx="725" w="157" h="107" x="-68.611931" y="-23.399879">
   <element name="lingzhus" layername="lingzhu_huo" frame="3" z_index="5" m_a="-0.156435" m_b="0.987688" m_c="-0.987688" m_d="-0.156435" m_tx="0.000000" m_ty="-18.000000"/>
  </frame>
  <frame idx="750" w="141" h="93" x="-64.000000" y="-20.000000">
   <element name="lingzhus" layername="lingzhu_huo" frame="3" z_index="5" m_a="0.000000" m_b="1.000000" m_c="-1.000000" m_d="0.000000" m_tx="0.000000" m_ty="-20.000000"/>
  </frame>
  <frame idx="775" w="146" h="96" x="-58.600121" y="-13.388069">
   <element name="lingzhus" layername="lingzhu_huo" frame="3" z_index="5" m_a="0.156435" m_b="0.987688" m_c="-0.987688" m_d="0.156435" m_tx="0.000000" m_ty="-18.000000"/>
  </frame>
  <frame idx="800" w="148" h="98" x="-52.545258" y="-7.677643">
   <element name="lingzhus" layername="lingzhu_huo" frame="3" z_index="5" m_a="0.309017" m_b="0.951056" m_c="-0.951056" m_d="0.309017" m_tx="0.000000" m_ty="-16.000000"/>
  </frame>
  <frame idx="825" w="147" h="99" x="-45.984505" y="-2.960094">
   <element name="lingzhus" layername="lingzhu_huo" frame="3" z_index="5" m_a="0.453991" m_b="0.891006" m_c="-0.891006" m_d="0.453991" m_tx="0.000000" m_ty="-14.000000"/>
  </frame>
  <frame idx="850" w="142" h="98" x="-39.079403" y="0.697674">
   <element name="lingzhus" layername="lingzhu_huo" frame="3" z_index="5" m_a="0.587785" m_b="0.809017" m_c="-0.809017" m_d="0.587785" m_tx="0.000000" m_ty="-12.000000"/>
  </frame>
  <frame idx="875" w="136" h="97" x="-32.000008" y="3.254833">
   <element name="lingzhus" layername="lingzhu_huo" frame="3" z_index="5" m_a="0.707107" m_b="0.707107" m_c="-0.707107" m_d="0.707107" m_tx="0.000000" m_ty="-10.000000"/>
  </frame>
  <frame idx="900" w="127" h="94" x="-24.920586" y="4.697670">
   <element name="lingzhus" layername="lingzhu_huo" frame="3" z_index="5" m_a="0.809017" m_b="0.587785" m_c="-0.587785" m_d="0.809017" m_tx="0.000000" m_ty="-8.000000"/>
  </frame>
  <frame idx="925" w="116" h="91" x="-18.015488" y="5.039906">
   <element name="lingzhus" layername="lingzhu_huo" frame="3" z_index="5" m_a="0.891007" m_b="0.453991" m_c="-0.453991" m_d="0.891007" m_tx="0.000000" m_ty="-6.000000"/>
  </frame>
  <frame idx="950" w="103" h="85" x="-11.454735" y="4.322350">
   <element name="lingzhus" layername="lingzhu_huo" frame="3" z_index="5" m_a="0.951057" m_b="0.309017" m_c="-0.309017" m_d="0.951057" m_tx="0.000000" m_ty="-4.000000"/>
  </frame>
  <frame idx="975" w="87" h="79" x="-5.399853" y="2.611916">
   <element name="lingzhus" layername="lingzhu_huo" frame="3" z_index="5" m_a="0.987688" m_b="0.156434" m_c="-0.156434" m_d="0.987688" m_tx="0.000000" m_ty="-2.000000"/>
  </frame>
 </anim>
 <anim name="idle" root="lingzhu_tu" numframes="1000" framerate="40">
  <frame idx="0" w="71" h="71" x="0.000000" y="0.000000">
   <element name="lingzhus" layername="lingzhu_tu" frame="3" z_index="5" m_a="1.000000" m_b="0.000000" m_c="0.000000" m_d="1.000000" m_tx="0.000000" m_ty="0.000000"/>
  </frame>
  <frame idx="25" w="76" h="90" x="4.611931" y="-7.399876">
   <element name="lingzhus" layername="lingzhu_tu" frame="3" z_index="5" m_a="0.987688" m_b="-0.156434" m_c="0.156434" m_d="0.987688" m_tx="0.000000" m_ty="-2.000000"/>
  </frame>
  <frame idx="50" w="81" h="107" x="8.322353" y="-15.454735">
   <element name="lingzhus" layername="lingzhu_tu" frame="3" z_index="5" m_a="0.951057" m_b="-0.309017" m_c="0.309017" m_d="0.951057" m_tx="0.000000" m_ty="-4.000000"/>
  </frame>
  <frame idx="75" w="84" h="123" x="11.039906" y="-24.015491">
   <element name="lingzhus" layername="lingzhu_tu" frame="3" z_index="5" m_a="0.891006" m_b="-0.453991" m_c="0.453991" m_d="0.891006" m_tx="0.000000" m_ty="-6.000000"/>
  </frame>
  <frame idx="100" w="85" h="136" x="12.697670" y="-32.920586">
   <element name="lingzhus" layername="lingzhu_tu" frame="3" z_index="5" m_a="0.809017" m_b="-0.587785" m_c="0.587785" m_d="0.809017" m_tx="0.000000" m_ty="-8.000000"/>
  </frame>
  <frame idx="125" w="86" h="147" x="13.254833" y="-42.000000">
   <element name="lingzhus" layername="lingzhu_tu" frame="3" z_index="5" m_a="0.707107" m_b="-0.707107" m_c="0.707107" m_d="0.707107" m_tx="0.000000" m_ty="-10.000000"/>
  </frame>
  <frame idx="150" w="85" h="156" x="12.697670" y="-51.079422">
   <element name="lingzhus" layername="lingzhu_tu" frame="3" z_index="5" m_a="0.587785" m_b="-0.809017" m_c="0.809017" m_d="0.587785" m_tx="0.000000" m_ty="-12.000000"/>
  </frame>
  <frame idx="175" w="84" h="162" x="11.039906" y="-59.984516">
   <element name="lingzhus" layername="lingzhu_tu" frame="3" z_index="5" m_a="0.453990" m_b="-0.891007" m_c="0.891007" m_d="0.453990" m_tx="0.000000" m_ty="-14.000000"/>
  </frame>
  <frame idx="200" w="81" h="165" x="8.322353" y="-68.545265">
   <element name="lingzhus" layername="lingzhu_tu" frame="3" z_index="5" m_a="0.309017" m_b="-0.951057" m_c="0.951057" m_d="0.309017" m_tx="0.000000" m_ty="-16.000000"/>
  </frame>
  <frame idx="225" w="76" h="165" x="4.611931" y="-76.600121">
   <element name="lingzhus" layername="lingzhu_tu" frame="3" z_index="5" m_a="0.156434" m_b="-0.987688" m_c="0.987688" m_d="0.156434" m_tx="0.000000" m_ty="-18.000000"/>
  </frame>
  <frame idx="250" w="71" h="163" x="-0.000004" y="-84.000000">
   <element name="lingzhus" layername="lingzhu_tu" frame="3" z_index="5" m_a="-0.000000" m_b="-1.000000" m_c="1.000000" m_d="-0.000000" m_tx="0.000000" m_ty="-20.000000"/>
  </frame>
  <frame idx="275" w="87" h="176" x="-5.399872" y="-86.611923">
   <element name="lingzhus" layername="lingzhu_tu" frame="3" z_index="5" m_a="-0.156434" m_b="-0.987688" m_c="0.987688" m_d="-0.156434" m_tx="0.000000" m_ty="-18.000000"/>
  </frame>
  <frame idx="300" w="103" h="186" x="-11.454739" y="-88.322350">
   <element name="lingzhus" layername="lingzhu_tu" frame="3" z_index="5" m_a="-0.309017" m_b="-0.951056" m_c="0.951056" m_d="-0.309017" m_tx="0.000000" m_ty="-16.000000"/>
  </frame>
  <frame idx="325" w="116" h="194" x="-18.015491" y="-89.039909">
   <element name="lingzhus" layername="lingzhu_tu" frame="3" z_index="5" m_a="-0.453991" m_b="-0.891006" m_c="0.891006" m_d="-0.453991" m_tx="0.000000" m_ty="-14.000000"/>
  </frame>
  <frame idx="350" w="127" h="197" x="-24.920593" y="-88.697678">
   <element name="lingzhus" layername="lingzhu_tu" frame="3" z_index="5" m_a="-0.587785" m_b="-0.809017" m_c="0.809017" m_d="-0.587785" m_tx="0.000000" m_ty="-12.000000"/>
  </frame>
  <frame idx="375" w="136" h="196" x="-32.000000" y="-87.254837">
   <element name="lingzhus" layername="lingzhu_tu" frame="3" z_index="5" m_a="-0.707107" m_b="-0.707107" m_c="0.707107" m_d="-0.707107" m_tx="0.000000" m_ty="-10.000000"/>
  </frame>
  <frame idx="400" w="142" h="193" x="-39.079422" y="-84.697678">
   <element name="lingzhus" layername="lingzhu_tu" frame="3" z_index="5" m_a="-0.809017" m_b="-0.587785" m_c="0.587785" m_d="-0.809017" m_tx="0.000000" m_ty="-8.000000"/>
  </frame>
  <frame idx="425" w="147" h="185" x="-45.984520" y="-81.039902">
   <element name="lingzhus" layername="lingzhu_tu" frame="3" z_index="5" m_a="-0.891007" m_b="-0.453990" m_c="0.453990" m_d="-0.891007" m_tx="0.000000" m_ty="-6.000000"/>
  </frame>
  <frame idx="450" w="148" h="173" x="-52.545261" y="-76.322357">
   <element name="lingzhus" layername="lingzhu_tu" frame="3" z_index="5" m_a="-0.951056" m_b="-0.309017" m_c="0.309017" m_d="-0.951056" m_tx="0.000000" m_ty="-4.000000"/>
  </frame>
  <frame idx="475" w="146" h="159" x="-58.600124" y="-70.611931">
   <element name="lingzhus" layername="lingzhu_tu" frame="3" z_index="5" m_a="-0.987688" m_b="-0.156434" m_c="0.156434" m_d="-0.987688" m_tx="0.000000" m_ty="-2.000000"/>
  </frame>
  <frame idx="500" w="141" h="141" x="-64.000000" y="-63.999996">
   <element name="lingzhus" layername="lingzhu_tu" frame="3" z_index="5" m_a="-1.000000" m_b="0.000000" m_c="-0.000000" m_d="-1.000000" m_tx="0.000000" m_ty="0.000000"/>
  </frame>
  <frame idx="525" w="157" h="148" x="-68.611938" y="-60.600121">
   <element name="lingzhus" layername="lingzhu_tu" frame="3" z_index="5" m_a="-0.987688" m_b="0.156435" m_c="-0.156435" m_d="-0.987688" m_tx="0.000000" m_ty="-2.000000"/>
  </frame>
  <frame idx="550" w="169" h="152" x="-72.322350" y="-56.545265">
   <element name="lingzhus" layername="lingzhu_tu" frame="3" z_index="5" m_a="-0.951057" m_b="0.309017" m_c="-0.309017" m_d="-0.951057" m_tx="0.000000" m_ty="-4.000000"/>
  </frame>
  <frame idx="575" w="179" h="153" x="-75.039902" y="-51.984509">
   <element name="lingzhus" layername="lingzhu_tu" frame="3" z_index="5" m_a="-0.891007" m_b="0.453991" m_c="-0.453991" m_d="-0.891007" m_tx="0.000000" m_ty="-6.000000"/>
  </frame>
  <frame idx="600" w="184" h="151" x="-76.697678" y="-47.079411">
   <element name="lingzhus" layername="lingzhu_tu" frame="3" z_index="5" m_a="-0.809017" m_b="0.587785" m_c="-0.587785" m_d="-0.809017" m_tx="0.000000" m_ty="-8.000000"/>
  </frame>
  <frame idx="625" w="185" h="147" x="-77.254837" y="-42.000004">
   <element name="lingzhus" layername="lingzhu_tu" frame="3" z_index="5" m_a="-0.707107" m_b="0.707107" m_c="-0.707107" m_d="-0.707107" m_tx="0.000000" m_ty="-10.000000"/>
  </frame>
  <frame idx="650" w="184" h="140" x="-76.697670" y="-36.920570">
   <element name="lingzhus" layername="lingzhu_tu" frame="3" z_index="5" m_a="-0.587785" m_b="0.809017" m_c="-0.809017" m_d="-0.587785" m_tx="0.000000" m_ty="-12.000000"/>
  </frame>
  <frame idx="675" w="179" h="131" x="-75.039902" y="-32.015472">
   <element name="lingzhus" layername="lingzhu_tu" frame="3" z_index="5" m_a="-0.453990" m_b="0.891007" m_c="-0.891007" m_d="-0.453990" m_tx="0.000000" m_ty="-14.000000"/>
  </frame>
  <frame idx="700" w="169" h="120" x="-72.322342" y="-27.454723">
   <element name="lingzhus" layername="lingzhu_tu" frame="3" z_index="5" m_a="-0.309017" m_b="0.951057" m_c="-0.951057" m_d="-0.309017" m_tx="0.000000" m_ty="-16.000000"/>
  </frame>
  <frame idx="725" w="157" h="107" x="-68.611931" y="-23.399879">
   <element name="lingzhus" layername="lingzhu_tu" frame="3" z_index="5" m_a="-0.156435" m_b="0.987688" m_c="-0.987688" m_d="-0.156435" m_tx="0.000000" m_ty="-18.000000"/>
  </frame>
  <frame idx="750" w="141" h="93" x="-64.000000" y="-20.000000">
   <element name="lingzhus" layername="lingzhu_tu" frame="3" z_index="5" m_a="0.000000" m_b="1.000000" m_c="-1.000000" m_d="0.000000" m_tx="0.000000" m_ty="-20.000000"/>
  </frame>
  <frame idx="775" w="146" h="96" x="-58.600121" y="-13.388069">
   <element name="lingzhus" layername="lingzhu_tu" frame="3" z_index="5" m_a="0.156435" m_b="0.987688" m_c="-0.987688" m_d="0.156435" m_tx="0.000000" m_ty="-18.000000"/>
  </frame>
  <frame idx="800" w="148" h="98" x="-52.545258" y="-7.677643">
   <element name="lingzhus" layername="lingzhu_tu" frame="3" z_index="5" m_a="0.309017" m_b="0.951056" m_c="-0.951056" m_d="0.309017" m_tx="0.000000" m_ty="-16.000000"/>
  </frame>
  <frame idx="825" w="147" h="99" x="-45.984505" y="-2.960094">
   <element name="lingzhus" layername="lingzhu_tu" frame="3" z_index="5" m_a="0.453991" m_b="0.891006" m_c="-0.891006" m_d="0.453991" m_tx="0.000000" m_ty="-14.000000"/>
  </frame>
  <frame idx="850" w="142" h="98" x="-39.079403" y="0.697674">
   <element name="lingzhus" layername="lingzhu_tu" frame="3" z_index="5" m_a="0.587785" m_b="0.809017" m_c="-0.809017" m_d="0.587785" m_tx="0.000000" m_ty="-12.000000"/>
  </frame>
  <frame idx="875" w="136" h="97" x="-32.000008" y="3.254833">
   <element name="lingzhus" layername="lingzhu_tu" frame="3" z_index="5" m_a="0.707107" m_b="0.707107" m_c="-0.707107" m_d="0.707107" m_tx="0.000000" m_ty="-10.000000"/>
  </frame>
  <frame idx="900" w="127" h="94" x="-24.920586" y="4.697670">
   <element name="lingzhus" layername="lingzhu_tu" frame="3" z_index="5" m_a="0.809017" m_b="0.587785" m_c="-0.587785" m_d="0.809017" m_tx="0.000000" m_ty="-8.000000"/>
  </frame>
  <frame idx="925" w="116" h="91" x="-18.015488" y="5.039906">
   <element name="lingzhus" layername="lingzhu_tu" frame="3" z_index="5" m_a="0.891007" m_b="0.453991" m_c="-0.453991" m_d="0.891007" m_tx="0.000000" m_ty="-6.000000"/>
  </frame>
  <frame idx="950" w="103" h="85" x="-11.454735" y="4.322350">
   <element name="lingzhus" layername="lingzhu_tu" frame="3" z_index="5" m_a="0.951057" m_b="0.309017" m_c="-0.309017" m_d="0.951057" m_tx="0.000000" m_ty="-4.000000"/>
  </frame>
  <frame idx="975" w="87" h="79" x="-5.399853" y="2.611916">
   <element name="lingzhus" layername="lingzhu_tu" frame="3" z_index="5" m_a="0.987688" m_b="0.156434" m_c="-0.156434" m_d="0.987688" m_tx="0.000000" m_ty="-2.000000"/>
  </frame>
 </anim>
</Anims>
